"County","Year","Jail.Population","Boarded.Out","Boarded.In","in.House.Census","Sentenced","Civil","Federal","Technical.Parole.Violators","State.Readies","Other.Unsentenced"
"Albany",2019,416,0,51,467,85,0,62,44,13,264
"Albany",2018,587,0,42,628,124,0,136,39,14,315
"Albany",2017,576,1,42,618,137,0,45,50,18,368
"Albany",2016,571,1,46,616,134,0,48,36,21,377
"Albany",2015,578,1,86,664,122,0,32,34,22,454
"Albany",2014,621,0,212,832,129,0,38,32,24,610
"Albany",2013,629,0,145,774,125,0,44,41,27,537
"Albany",2012,622,0,68,689,136,0,33,42,24,455
"Albany",2011,614,0,9,622,129,0,60,37,25,372
"Albany",2010,698,0,23,721,148,0,102,35,20,417
"Allegany",2019,84,1,3,86,14,0,40,1,0,30
"Allegany",2018,107,2,4,108,14,0,59,4,0,32
"Allegany",2017,111,3,2,110,12,0,58,5,0,34
"Allegany",2016,122,2,0,121,13,0,64,2,0,41
"Allegany",2015,116,0,1,118,14,0,66,0,0,38
"Allegany",2014,124,0,3,128,17,1,70,0,0,40
"Allegany",2013,131,0,1,132,22,1,68,0,0,42
"Allegany",2012,135,0,2,136,25,1,66,0,0,44
"Allegany",2011,129,0,3,132,23,1,66,0,0,41
"Allegany",2010,138,0,3,141,22,1,66,0,0,52
"Broome",2019,441,3,37,475,110,1,13,13,5,334
"Broome",2018,457,0,24,481,107,0,19,7,6,341
"Broome",2017,500,1,15,514,110,0,11,0,10,383
"Broome",2016,517,14,2,505,97,0,3,8,13,383
"Broome",2015,492,4,4,491,107,0,14,11,12,348
"Broome",2014,481,5,11,486,107,0,10,9,12,348
"Broome",2013,517,14,2,505,101,0,8,10,11,374
"Broome",2012,501,10,1,493,117,0,14,12,10,340
"Broome",2011,459,3,8,464,91,0,25,13,10,326
"Broome",2010,446,0,9,455,100,0,25,14,8,306
"Cattaraugus",2019,135,4,0,131,47,0,19,9,1,54
"Cattaraugus",2018,133,2,0,131,39,0,23,7,1,61
"Cattaraugus",2017,131,1,1,131,41,0,26,7,1,56
"Cattaraugus",2016,134,0,0,134,46,0,22,5,2,60
"Cattaraugus",2015,128,1,0,127,45,0,22,4,2,54
"Cattaraugus",2014,129,1,2,130,53,0,15,3,2,56
"Cattaraugus",2013,120,0,0,120,44,0,19,6,1,50
"Cattaraugus",2012,118,0,0,118,39,0,10,6,2,62
"Cattaraugus",2011,127,0,0,127,45,0,14,4,2,62
"Cattaraugus",2010,110,0,0,110,36,0,16,5,2,51
"Cayuga",2019,145,1,12,156,29,4,39,8,2,73
"Cayuga",2018,156,0,10,166,41,3,38,10,1,73
"Cayuga",2017,156,0,14,170,48,3,27,11,2,80
"Cayuga",2016,164,0,12,176,38,2,41,11,2,82
"Cayuga",2015,163,0,7,170,42,3,33,12,2,78
"Cayuga",2014,183,0,0,183,37,2,42,7,3,92
"Cayuga",2013,191,0,0,191,55,6,30,7,3,90
"Cayuga",2012,190,0,0,190,51,2,35,7,3,92
"Cayuga",2011,192,0,0,192,57,2,48,7,2,76
"Cayuga",2010,184,0,0,184,51,3,51,5,3,71
"Chautauqua",2019,236,0,0,237,45,0,45,15,1,131
"Chautauqua",2018,260,0,0,260,36,0,31,14,2,176
"Chautauqua",2017,282,8,0,274,42,0,27,13,2,189
"Chautauqua",2016,275,1,0,274,48,0,25,9,2,190
"Chautauqua",2015,268,1,1,268,49,0,16,9,2,193
"Chautauqua",2014,283,6,0,278,60,0,21,8,2,186
"Chautauqua",2013,279,0,0,279,62,0,19,11,2,184
"Chautauqua",2012,287,0,0,287,58,0,46,10,2,171
"Chautauqua",2011,272,0,0,272,55,0,53,12,1,150
"Chautauqua",2010,281,0,0,281,56,0,59,11,2,153
"Chemung",2019,132,0,4,135,53,2,0,10,2,69
"Chemung",2018,155,1,7,161,65,2,0,13,2,80
"Chemung",2017,164,0,8,171,71,1,0,13,2,85
"Chemung",2016,150,0,15,165,72,1,0,11,2,81
"Chemung",2015,167,0,5,172,82,1,0,9,2,78
"Chemung",2014,160,0,9,169,74,1,0,8,2,83
"Chemung",2013,187,0,18,204,81,1,0,12,2,108
"Chemung",2012,189,2,9,196,82,0,0,11,2,101
"Chemung",2011,163,1,0,162,74,0,1,14,2,72
"Chemung",2010,181,0,0,181,80,0,0,15,2,84
"Chenango",2019,87,0,1,88,20,5,1,3,6,52
"Chenango",2018,93,0,0,93,28,3,1,4,7,51
"Chenango",2017,98,0,1,98,29,3,4,4,4,55
"Chenango",2016,99,0,2,101,27,6,5,3,5,56
"Chenango",2015,95,0,5,100,33,3,3,3,4,53
"Chenango",2014,99,0,4,103,32,5,8,2,4,52
"Chenango",2013,104,0,12,116,40,2,19,3,6,46
"Chenango",2012,84,0,9,92,32,2,11,2,2,43
"Chenango",2011,98,0,6,104,30,1,20,2,1,50
"Chenango",2010,90,0,10,99,38,1,8,1,1,51
"Clinton",2019,176,0,0,175,55,0,31,15,2,73
"Clinton",2018,217,0,2,219,60,0,40,14,2,102
"Clinton",2017,207,1,16,223,46,0,38,16,2,119
"Clinton",2016,208,0,2,210,59,0,39,20,3,89
"Clinton",2015,187,2,0,186,50,0,23,18,3,92
"Clinton",2014,216,0,3,219,62,0,28,12,4,114
"Clinton",2013,221,0,1,222,69,0,30,12,4,107
"Clinton",2012,209,0,1,210,72,0,31,13,3,91
"Clinton",2011,207,0,1,207,69,0,40,10,3,86
"Clinton",2010,204,0,6,209,73,1,45,7,2,81
"Columbia",2019,68,0,6,73,9,2,1,6,1,54
"Columbia",2018,70,0,16,86,11,2,0,8,1,63
"Columbia",2017,81,0,16,97,10,5,1,8,1,72
"Columbia",2016,83,0,22,104,11,4,1,10,1,77
"Columbia",2015,68,0,30,98,10,3,3,5,1,76
"Columbia",2014,72,0,21,93,11,4,2,6,2,68
"Columbia",2013,75,0,31,106,12,2,2,7,1,82
"Columbia",2012,90,1,14,103,11,2,3,6,1,80
"Columbia",2011,90,0,15,105,11,1,4,4,1,85
"Columbia",2010,97,0,10,107,22,1,10,2,1,71
"Cortland",2019,76,34,0,43,13,1,0,4,1,25
"Cortland",2018,92,11,0,81,18,1,0,7,1,54
"Cortland",2017,93,13,0,80,14,1,0,5,1,59
"Cortland",2016,91,11,0,80,10,1,0,5,1,63
"Cortland",2015,89,8,1,82,13,1,0,6,1,61
"Cortland",2014,76,6,0,70,12,1,0,5,1,51
"Cortland",2013,73,8,0,65,15,1,0,4,2,42
"Cortland",2012,68,7,0,62,10,1,0,4,1,45
"Cortland",2011,64,3,0,61,14,1,0,4,1,40
"Cortland",2010,69,5,0,64,19,2,0,4,1,38
"Delaware",2019,58,0,17,76,14,1,10,3,1,48
"Delaware",2018,68,0,12,79,17,2,7,4,1,48
"Delaware",2017,81,0,12,93,17,1,16,3,1,55
"Delaware",2016,80,0,8,87,22,1,3,3,1,57
"Delaware",2015,75,0,5,80,31,1,4,3,1,40
"Delaware",2014,83,0,2,86,32,1,5,3,1,43
"Delaware",2013,71,0,12,83,25,1,8,3,1,45
"Delaware",2012,64,0,4,68,23,1,4,2,1,36
"Delaware",2011,59,0,5,63,24,2,0,3,1,33
"Delaware",2010,66,0,5,71,28,2,1,5,1,33
"Dutchess",2019,313,7,0,307,70,1,0,18,3,214
"Dutchess",2018,379,8,0,371,80,1,0,18,4,268
"Dutchess",2017,423,11,0,412,93,2,0,19,5,292
"Dutchess",2016,401,11,0,390,81,3,0,24,4,278
"Dutchess",2015,434,88,0,346,71,3,0,17,4,251
"Dutchess",2014,469,223,0,247,43,3,0,8,5,187
"Dutchess",2013,444,194,0,250,43,4,0,11,5,186
"Dutchess",2012,446,200,0,246,51,6,0,13,4,171
"Dutchess",2011,411,158,0,253,54,6,0,12,4,177
"Dutchess",2010,380,115,2,266,50,5,1,13,3,195
"Erie",2019,434,0,0,434,143,0,0,50,0,240
"Erie",2018,543,0,0,543,183,0,0,62,0,298
"Erie",2017,644,0,0,644,229,0,0,69,0,346
"Erie",2016,690,0,0,690,236,0,0,57,0,397
"Erie",2015,700,0,0,700,273,0,1,38,0,388
"Erie",2014,696,0,0,696,276,2,3,40,1,375
"Erie",2013,746,0,0,746,290,3,3,51,0,399
"Erie",2012,747,0,0,747,274,2,4,47,0,420
"Erie",2011,749,0,0,749,284,0,0,46,0,420
"Erie",2010,775,0,0,775,407,0,0,31,0,337
"Erie",2019,418,0,0,418,66,1,0,38,6,307
"Erie",2018,415,1,0,414,65,1,0,38,6,304
"Erie",2017,426,1,0,426,67,1,0,33,5,319
"Erie",2016,493,0,0,493,82,1,8,41,5,356
"Erie",2015,501,0,0,501,79,1,23,32,4,362
"Erie",2014,472,0,0,472,70,1,32,26,4,338
"Erie",2013,508,0,0,508,83,1,45,21,3,355
"Erie",2012,518,0,0,518,82,2,38,33,6,357
"Erie",2011,483,0,0,483,93,2,22,44,13,309
"Erie",2010,480,0,0,480,92,1,8,46,10,322
"Erie",2019,0,0,0,0,0,0,0,0,0,0
"Erie",2018,0,0,0,0,0,0,0,0,0,0
"Erie",2017,0,0,0,0,0,0,0,0,0,0
"Erie",2016,0,0,0,0,0,0,0,0,0,0
"Erie",2015,0,0,0,0,0,0,0,0,0,0
"Erie",2014,3,0,0,3,3,0,0,0,0,0
"Erie",2013,30,0,0,30,30,0,0,0,0,0
"Erie",2012,61,0,0,61,61,0,0,0,0,0
"Erie",2011,65,0,0,65,65,0,0,0,0,0
"Erie",2010,80,0,0,80,80,0,0,0,0,0
"Essex",2019,71,0,1,72,11,0,38,2,1,20
"Essex",2018,73,0,1,73,14,0,39,3,1,17
"Essex",2017,72,0,4,76,12,0,37,3,1,24
"Essex",2016,70,1,3,72,14,0,26,3,1,29
"Essex",2015,62,0,5,67,13,0,27,3,1,23
"Essex",2014,81,0,3,84,20,0,25,3,2,34
"Essex",2013,79,0,5,83,15,0,28,3,1,36
"Essex",2012,66,0,15,81,17,0,22,3,1,38
"Essex",2011,73,0,5,78,16,0,33,2,1,27
"Essex",2010,71,0,4,75,14,0,36,1,0,23
"Essex",2019,0,0,0,0,0,0,0,0,0,0
"Essex",2018,0,0,0,0,0,0,0,0,0,0
"Essex",2017,0,0,0,0,0,0,0,0,0,0
"Essex",2016,0,0,0,0,0,0,0,0,0,0
"Essex",2015,0,0,0,0,0,0,0,0,0,0
"Essex",2014,0,0,0,0,0,0,0,0,0,0
"Essex",2013,0,0,0,0,0,0,0,0,0,0
"Essex",2012,0,0,0,0,0,0,0,0,0,0
"Essex",2011,0,0,0,0,0,0,0,0,0,0
"Essex",2010,0,0,0,0,0,0,0,0,0,0
"Franklin",2019,81,3,0,78,29,9,0,6,1,33
"Franklin",2018,91,1,0,90,27,7,0,4,1,51
"Franklin",2017,93,0,1,94,27,9,0,7,1,51
"Franklin",2016,110,3,1,107,35,8,0,7,1,57
"Franklin",2015,106,4,0,102,30,10,0,7,1,54
"Franklin",2014,116,9,1,109,30,6,0,6,1,65
"Franklin",2013,116,8,2,110,35,0,0,3,0,71
"Franklin",2012,114,11,2,105,33,1,0,6,1,66
"Franklin",2011,117,5,0,112,32,1,0,4,0,75
"Franklin",2010,114,7,0,107,29,3,0,4,0,71
"Fulton",2019,82,1,18,100,26,0,0,8,1,64
"Fulton",2018,100,0,14,114,29,1,0,7,1,76
"Fulton",2017,86,0,13,98,23,1,0,5,1,68
"Fulton",2016,87,0,9,96,23,0,0,7,1,64
"Fulton",2015,72,1,10,82,19,2,0,5,1,54
"Fulton",2014,90,1,12,101,24,2,0,5,2,69
"Fulton",2013,92,0,17,108,25,3,0,5,2,74
"Fulton",2012,82,0,21,103,22,4,0,3,1,73
"Fulton",2011,84,0,15,99,33,2,0,7,1,56
"Fulton",2010,75,1,9,84,23,2,0,4,1,54
"Genesee",2019,104,21,0,83,29,1,0,7,1,44
"Genesee",2018,105,22,0,83,28,0,1,5,2,47
"Genesee",2017,97,20,0,78,26,1,0,5,2,45
"Genesee",2016,92,17,0,76,26,1,1,6,2,41
"Genesee",2015,80,14,1,66,25,0,1,4,2,35
"Genesee",2014,84,15,0,69,26,0,1,5,1,36
"Genesee",2013,88,18,1,70,29,0,1,2,1,37
"Genesee",2012,91,15,1,78,26,1,0,5,2,43
"Genesee",2011,79,10,2,71,21,2,2,5,1,39
"Genesee",2010,77,11,0,66,24,1,1,8,1,30
"Greene",2019,35,35,0,0,0,0,0,0,0,0
"Greene",2018,48,41,0,6,1,0,0,1,0,5
"Greene",2017,40,16,0,24,2,1,0,3,1,18
"Greene",2016,59,22,0,37,5,0,0,3,1,28
"Greene",2015,76,30,0,46,9,0,0,5,1,31
"Greene",2014,71,28,0,43,8,0,0,3,1,31
"Greene",2013,85,39,0,46,10,0,0,3,1,32
"Greene",2012,70,19,0,52,12,1,0,3,1,34
"Greene",2011,79,27,0,51,12,1,0,3,2,34
"Greene",2010,78,26,0,51,14,2,0,4,1,30
"Hamilton",2019,2,0,0,2,1,0,0,0,0,1
"Hamilton",2018,2,0,0,2,0,0,0,0,0,1
"Hamilton",2017,2,0,0,1,0,0,0,0,0,1
"Hamilton",2016,2,0,0,2,1,0,0,0,0,1
"Hamilton",2015,3,0,0,2,1,0,0,0,0,2
"Hamilton",2014,5,1,0,4,1,0,0,0,0,2
"Hamilton",2013,5,1,0,4,1,0,0,0,0,3
"Hamilton",2012,4,0,0,3,1,0,0,0,0,2
"Hamilton",2011,3,0,0,3,2,0,0,0,0,1
"Hamilton",2010,2,0,0,2,1,0,0,0,0,1
"Herkimer",2019,52,29,0,23,3,1,0,2,1,16
"Herkimer",2018,62,34,0,28,5,1,0,3,0,19
"Herkimer",2017,70,38,0,31,3,1,0,3,1,25
"Herkimer",2016,64,32,0,32,6,0,0,3,1,22
"Herkimer",2015,76,44,0,32,6,0,0,2,0,23
"Herkimer",2014,83,53,0,30,4,1,0,2,1,22
"Herkimer",2013,83,54,0,29,3,0,0,2,1,23
"Herkimer",2012,70,44,0,26,4,0,0,1,0,21
"Herkimer",2011,57,28,0,29,5,1,0,1,1,21
"Herkimer",2010,55,26,0,29,6,0,0,1,1,21
"Jefferson",2019,129,1,0,128,23,1,0,12,2,91
"Jefferson",2018,167,7,0,159,23,0,0,14,2,119
"Jefferson",2017,185,19,1,166,24,1,1,14,2,124
"Jefferson",2016,177,9,0,168,28,0,0,10,2,127
"Jefferson",2015,173,16,0,157,27,1,0,7,3,119
"Jefferson",2014,177,51,0,127,17,2,0,8,3,97
"Jefferson",2013,180,45,0,135,25,2,0,5,3,100
"Jefferson",2012,158,24,0,133,22,1,0,5,2,103
"Jefferson",2011,171,30,0,141,29,1,0,6,2,103
"Jefferson",2010,169,27,0,142,25,1,0,6,2,107
"Lewis",2019,34,1,0,33,6,3,1,5,0,18
"Lewis",2018,31,1,0,30,5,3,1,2,0,19
"Lewis",2017,36,2,2,36,6,4,0,2,1,24
"Lewis",2016,34,0,1,35,5,5,1,2,1,21
"Lewis",2015,31,1,3,34,8,1,1,2,0,22
"Lewis",2014,30,0,1,31,7,2,2,0,0,20
"Lewis",2013,31,0,3,34,7,2,2,0,1,22
"Lewis",2012,28,0,2,30,8,1,4,0,1,16
"Lewis",2011,29,0,3,32,4,1,7,0,1,19
"Lewis",2010,27,0,5,32,6,1,5,0,0,20
"Livingston",2019,122,4,11,129,23,0,46,8,1,50
"Livingston",2018,132,1,11,142,28,0,42,10,2,59
"Livingston",2017,128,0,15,143,32,0,41,8,2,59
"Livingston",2016,139,3,20,156,36,0,33,8,2,77
"Livingston",2015,132,1,16,147,38,0,30,6,2,70
"Livingston",2014,124,2,15,137,34,0,26,5,2,69
"Livingston",2013,116,1,11,126,38,0,20,5,2,62
"Livingston",2012,104,0,10,114,31,0,9,6,2,66
"Livingston",2011,95,13,8,90,31,0,0,6,2,51
"Livingston",2010,100,13,3,91,29,0,0,6,2,54
"Madison",2019,90,1,0,89,32,1,6,6,1,42
"Madison",2018,91,3,0,88,25,2,6,3,1,51
"Madison",2017,82,1,0,81,32,3,4,4,1,37
"Madison",2016,80,0,1,80,30,2,2,2,1,42
"Madison",2015,95,0,0,96,34,2,5,4,1,50
"Madison",2014,96,1,1,95,37,2,3,4,2,47
"Madison",2013,89,1,1,89,42,4,5,3,1,34
"Madison",2012,96,0,2,98,39,4,7,4,1,43
"Madison",2011,89,0,1,90,38,5,9,2,1,36
"Madison",2010,86,1,4,88,40,5,4,2,1,38
"Monroe",2019,48,0,0,48,34,0,0,0,0,13
"Monroe",2018,218,0,0,218,146,1,0,1,0,70
"Monroe",2017,278,0,0,278,166,0,0,2,0,110
"Monroe",2016,320,0,1,321,187,0,0,3,0,131
"Monroe",2015,310,0,0,310,183,0,0,1,0,126
"Monroe",2014,330,0,0,330,204,0,0,0,0,125
"Monroe",2013,323,0,0,323,209,0,0,0,0,114
"Monroe",2012,372,0,0,372,263,1,0,1,0,108
"Monroe",2011,350,0,9,359,255,0,0,6,0,97
"Monroe",2010,344,0,8,353,270,0,1,1,1,80
"Monroe",2019,918,3,4,919,192,0,47,156,22,503
"Monroe",2018,867,2,4,869,131,0,39,140,28,531
"Monroe",2017,928,2,2,928,151,0,34,131,30,582
"Monroe",2016,998,3,4,998,164,0,55,109,30,640
"Monroe",2015,998,4,2,995,155,0,68,85,28,660
"Monroe",2014,1009,1,2,1011,170,0,56,65,29,691
"Monroe",2013,989,1,1,989,166,0,47,66,26,683
"Monroe",2012,970,1,0,969,161,1,50,65,26,666
"Monroe",2011,1000,6,4,999,196,1,77,64,22,639
"Monroe",2010,1057,3,3,1058,207,1,92,84,23,651
"Montgomery",2019,102,0,4,105,31,0,13,6,1,54
"Montgomery",2018,100,1,0,99,31,1,2,5,3,58
"Montgomery",2017,96,0,0,96,27,2,4,4,2,57
"Montgomery",2016,90,0,0,90,28,1,3,6,3,50
"Montgomery",2015,126,0,5,131,39,1,12,6,3,71
"Montgomery",2014,127,0,5,132,24,1,27,5,3,71
"Montgomery",2013,126,0,10,136,26,1,15,5,2,86
"Montgomery",2012,131,0,8,139,32,2,21,5,2,77
"Montgomery",2011,124,1,14,138,32,3,9,3,3,87
"Montgomery",2010,115,0,6,121,33,2,7,5,2,72
"Nassau",2019,1025,8,4,1021,227,1,25,34,8,724
"Nassau",2018,1094,7,6,1093,210,1,25,33,9,816
"Nassau",2017,1188,10,8,1186,222,0,29,34,14,887
"Nassau",2016,1155,6,8,1157,189,1,31,43,10,883
"Nassau",2015,1148,7,11,1151,179,1,37,43,12,880
"Nassau",2014,1218,9,9,1218,189,1,40,43,12,933
"Nassau",2013,1294,7,10,1296,178,1,61,41,12,1004
"Nassau",2012,1417,12,86,1491,208,1,101,24,10,1146
"Nassau",2011,1467,11,88,1545,241,1,123,17,13,1150
"Nassau",2010,1607,6,8,1609,237,1,128,21,10,1213
"Niagara",2019,346,0,3,349,72,0,105,14,5,152
"Niagara",2018,380,0,3,382,81,0,104,16,4,176
"Niagara",2017,428,0,1,428,98,0,112,13,4,202
"Niagara",2016,416,0,1,417,82,0,115,14,4,202
"Niagara",2015,415,0,1,416,96,0,113,15,8,184
"Niagara",2014,437,0,1,438,110,0,107,11,11,199
"Niagara",2013,460,0,1,460,106,0,107,14,12,221
"Niagara",2012,451,0,0,451,106,0,107,14,11,213
"Niagara",2011,437,0,1,438,114,1,87,21,16,199
"Niagara",2010,468,0,1,469,136,0,82,15,13,223
"Oneida",2019,346,0,17,363,117,0,24,35,3,184
"Oneida",2018,395,0,24,419,121,0,19,40,5,235
"Oneida",2017,491,0,21,512,136,0,25,35,7,308
"Oneida",2016,454,1,29,483,141,0,26,39,6,271
"Oneida",2015,419,1,38,457,151,0,27,30,7,242
"Oneida",2014,432,0,51,483,157,0,35,26,8,257
"Oneida",2013,434,0,41,476,155,0,48,28,7,238
"Oneida",2012,424,0,47,471,148,0,37,25,8,253
"Oneida",2011,406,0,28,435,172,0,28,14,7,213
"Oneida",2010,412,0,26,437,159,0,33,8,5,231
"Onondaga",2019,297,0,1,297,187,4,5,62,0,40
"Onondaga",2018,377,2,10,385,242,3,17,78,0,44
"Onondaga",2017,445,10,49,485,327,4,22,64,0,68
"Onondaga",2016,424,8,87,502,317,4,12,65,0,104
"Onondaga",2015,415,6,71,480,322,7,9,55,0,87
"Onondaga",2014,450,11,75,514,369,8,6,39,0,92
"Onondaga",2013,476,27,59,508,358,5,29,41,0,74
"Onondaga",2012,504,13,6,497,350,6,75,46,0,20
"Onondaga",2011,487,23,1,465,322,6,84,43,0,11
"Onondaga",2010,496,27,1,469,321,7,77,54,0,11
"Onondaga",2019,487,0,1,488,21,2,2,15,11,437
"Onondaga",2018,561,9,2,554,23,1,2,9,15,504
"Onondaga",2017,615,50,12,576,14,1,2,5,16,539
"Onondaga",2016,649,87,10,572,11,2,1,3,14,540
"Onondaga",2015,645,72,7,581,20,3,1,2,15,540
"Onondaga",2014,661,75,13,599,27,2,1,2,15,552
"Onondaga",2013,642,60,32,614,25,4,3,3,13,566
"Onondaga",2012,608,6,21,622,24,3,2,2,12,579
"Onondaga",2011,607,1,35,642,28,2,5,3,14,589
"Onondaga",2010,582,1,41,621,28,3,5,2,13,571
"Ontario",2019,139,2,0,137,33,0,0,17,2,86
"Ontario",2018,162,6,0,156,41,0,0,19,2,94
"Ontario",2017,179,4,1,176,57,1,0,19,3,95
"Ontario",2016,219,5,0,214,76,2,0,13,4,119
"Ontario",2015,212,2,0,210,73,1,0,14,5,117
"Ontario",2014,211,2,1,210,76,3,2,11,5,113
"Ontario",2013,217,2,0,216,79,3,0,11,4,118
"Ontario",2012,198,0,0,198,78,1,2,8,4,105
"Ontario",2011,196,0,0,196,83,0,2,10,6,96
"Ontario",2010,198,1,1,197,83,0,3,7,5,100
"Orange",2019,618,1,2,619,100,4,197,37,10,272
"Orange",2018,695,1,1,695,122,7,180,36,12,339
"Orange",2017,681,2,3,683,144,6,172,38,12,310
"Orange",2016,663,1,7,669,161,8,172,34,11,282
"Orange",2015,552,0,8,559,122,5,143,28,3,257
"Orange",2014,599,2,8,606,128,10,116,30,7,316
"Orange",2013,582,2,11,590,128,9,122,39,9,283
"Orange",2012,590,3,7,594,121,5,138,38,8,284
"Orange",2011,574,1,5,578,129,7,122,34,9,276
"Orange",2010,606,4,7,609,144,7,116,38,8,297
"Orleans",2019,58,1,1,57,23,0,0,6,1,27
"Orleans",2018,60,0,1,61,17,0,0,10,1,32
"Orleans",2017,68,2,1,67,21,0,0,7,1,38
"Orleans",2016,63,1,1,63,18,0,0,10,1,35
"Orleans",2015,64,1,3,66,21,0,0,6,1,38
"Orleans",2014,61,0,2,63,20,0,0,3,1,38
"Orleans",2013,62,1,5,65,21,0,0,4,1,39
"Orleans",2012,75,2,5,78,27,0,0,4,1,45
"Orleans",2011,76,1,3,78,28,0,0,5,0,44
"Orleans",2010,73,0,3,76,27,0,0,5,0,43
"Oswego",2019,135,9,0,126,41,1,0,19,2,64
"Oswego",2018,169,23,0,145,36,1,0,20,4,85
"Oswego",2017,152,16,0,136,38,0,0,15,4,79
"Oswego",2016,168,20,0,148,40,1,0,17,4,86
"Oswego",2015,171,21,0,150,33,2,0,13,3,98
"Oswego",2014,156,15,0,141,47,3,0,13,4,75
"Oswego",2013,165,12,0,153,53,3,0,9,4,84
"Oswego",2012,187,30,0,158,50,3,0,10,4,91
"Oswego",2011,166,10,0,157,58,2,0,7,4,85
"Oswego",2010,137,2,0,135,60,1,0,6,4,64
"Otsego",2019,54,15,0,39,9,0,0,4,0,26
"Otsego",2018,65,2,0,63,17,0,0,5,1,40
"Otsego",2017,57,3,0,54,14,0,0,4,0,36
"Otsego",2016,70,0,3,73,19,0,0,4,0,50
"Otsego",2015,54,0,8,62,18,0,0,5,1,38
"Otsego",2014,68,0,7,75,23,0,0,5,0,47
"Otsego",2013,71,0,6,76,27,0,0,4,1,45
"Otsego",2012,77,0,1,79,25,0,0,3,1,50
"Otsego",2011,70,1,0,68,23,0,0,2,1,42
"Otsego",2010,69,1,0,68,26,0,0,2,1,39
"Putnam",2019,62,0,3,65,9,0,16,2,1,37
"Putnam",2018,75,0,3,77,11,0,16,2,1,47
"Putnam",2017,84,0,2,86,14,0,19,2,1,50
"Putnam",2016,83,0,3,85,13,0,14,2,1,55
"Putnam",2015,87,1,2,88,10,0,12,2,1,62
"Putnam",2014,104,3,0,101,14,2,6,2,1,77
"Putnam",2013,109,3,6,111,17,1,3,2,1,87
"Putnam",2012,101,6,12,107,15,1,2,2,1,87
"Putnam",2011,114,2,4,116,15,2,8,2,1,87
"Putnam",2010,102,3,4,103,17,1,4,1,1,77
"Rensselaer",2019,303,1,1,303,54,2,121,28,3,95
"Rensselaer",2018,321,1,0,320,58,2,123,29,3,105
"Rensselaer",2017,298,0,2,300,56,4,109,21,3,108
"Rensselaer",2016,309,2,2,309,93,4,98,22,4,89
"Rensselaer",2015,314,1,13,326,94,3,85,16,4,123
"Rensselaer",2014,317,0,34,351,91,3,80,19,5,152
"Rensselaer",2013,299,1,76,373,79,4,79,16,5,191
"Rensselaer",2012,309,1,116,425,90,9,80,26,5,215
"Rensselaer",2011,265,0,112,377,87,7,61,18,4,200
"Rensselaer",2010,217,1,12,229,89,6,13,17,3,100
"Rockland",2019,134,0,0,134,26,0,0,10,2,96
"Rockland",2018,150,0,1,151,31,0,0,14,2,104
"Rockland",2017,177,0,1,178,39,0,0,13,2,124
"Rockland",2016,169,0,3,172,37,0,0,10,2,124
"Rockland",2015,171,1,2,172,30,0,0,9,2,131
"Rockland",2014,183,1,0,182,47,0,0,8,2,125
"Rockland",2013,227,0,0,227,46,0,0,13,3,164
"Rockland",2012,240,2,0,238,46,0,1,9,3,178
"Rockland",2011,247,2,0,245,48,0,1,9,2,184
"Rockland",2010,212,0,1,213,52,0,2,10,2,147
"Saratoga",2019,181,0,0,181,67,2,0,19,2,91
"Saratoga",2018,188,0,0,188,72,0,0,19,2,96
"Saratoga",2017,184,0,0,184,70,0,0,16,2,96
"Saratoga",2016,184,0,0,184,67,1,0,15,2,98
"Saratoga",2015,194,0,0,194,69,3,0,6,2,114
"Saratoga",2014,194,0,0,194,71,3,0,9,2,109
"Saratoga",2013,187,0,0,187,80,4,0,8,2,93
"Saratoga",2012,156,0,0,156,57,3,0,8,2,86
"Saratoga",2011,150,0,0,150,50,3,0,7,2,88
"Saratoga",2010,164,0,0,164,47,2,0,5,1,108
"Schenectady",2019,228,2,0,227,52,1,0,28,5,140
"Schenectady",2018,275,2,0,273,69,1,0,24,6,173
"Schenectady",2017,292,3,0,289,66,1,0,22,8,193
"Schenectady",2016,338,7,0,332,67,0,0,21,8,235
"Schenectady",2015,329,3,0,325,75,1,0,23,5,221
"Schenectady",2014,322,3,0,320,78,3,2,22,5,210
"Schenectady",2013,326,4,0,322,71,2,9,28,6,207
"Schenectady",2012,314,3,0,311,54,3,2,32,4,216
"Schenectady",2011,319,2,0,317,52,3,3,27,6,226
"Schenectady",2010,286,2,0,284,48,5,0,23,5,202
"Schoharie",2019,18,18,0,0,0,0,0,0,0,0
"Schoharie",2018,19,19,0,0,0,0,0,0,0,0
"Schoharie",2017,29,29,0,0,0,0,0,0,0,0
"Schoharie",2016,34,34,0,0,0,0,0,0,0,0
"Schoharie",2015,30,29,0,0,0,0,0,0,0,0
"Schoharie",2014,29,29,0,0,0,0,0,0,0,0
"Schoharie",2013,31,31,0,0,0,0,0,0,0,0
"Schoharie",2012,26,26,0,0,0,0,0,0,0,0
"Schoharie",2011,28,8,7,27,9,1,3,0,1,13
"Schoharie",2010,32,5,23,50,14,2,8,1,1,23
"Schuyler",2019,15,2,0,13,5,0,0,2,0,6
"Schuyler",2018,17,4,0,14,5,0,0,1,0,7
"Schuyler",2017,21,5,0,17,4,0,0,2,0,11
"Schuyler",2016,28,5,0,24,8,0,0,1,0,14
"Schuyler",2015,15,2,0,13,6,0,0,1,0,6
"Schuyler",2014,18,2,0,16,7,0,0,2,0,7
"Schuyler",2013,25,3,0,22,11,0,0,1,0,9
"Schuyler",2012,22,5,1,18,8,0,0,1,0,9
"Schuyler",2011,21,2,0,19,10,0,0,1,0,8
"Schuyler",2010,21,2,0,19,8,0,0,1,0,11
"Seneca",2019,60,1,1,60,21,0,15,4,0,19
"Seneca",2018,76,2,2,76,28,1,12,4,1,30
"Seneca",2017,79,0,0,79,24,2,15,5,1,32
"Seneca",2016,74,0,0,74,23,1,16,3,1,30
"Seneca",2015,68,0,0,69,22,1,14,2,1,29
"Seneca",2014,81,0,0,81,27,1,13,3,1,36
"Seneca",2013,82,1,2,83,22,2,15,2,1,41
"Seneca",2012,77,1,3,79,22,1,13,3,1,40
"Seneca",2011,77,0,1,78,23,1,22,2,1,30
"Seneca",2010,82,0,1,83,28,2,19,2,0,31
"Steuben",2019,164,0,0,164,44,0,18,10,3,89
"Steuben",2018,189,1,2,191,50,1,27,8,3,103
"Steuben",2017,208,1,2,209,46,1,32,11,3,117
"Steuben",2016,198,1,1,198,40,1,48,8,2,98
"Steuben",2015,203,1,2,203,40,0,46,9,2,106
"Steuben",2014,178,0,2,180,35,1,36,7,3,98
"Steuben",2013,192,1,1,191,36,0,28,10,3,114
"Steuben",2012,190,1,1,190,39,1,40,9,3,99
"Steuben",2011,176,1,2,178,38,1,48,7,2,82
"Steuben",2010,167,0,2,169,41,0,45,7,1,73
"St.",2019,119,0,2,121,27,1,0,7,2,84
"St.",2018,139,2,0,138,38,1,0,8,2,89
"St.",2017,182,22,1,160,57,1,0,9,1,91
"St.",2016,143,3,2,141,54,1,0,7,2,77
"St.",2015,155,2,2,155,47,1,0,6,2,99
"St.",2014,152,2,4,154,51,0,0,6,3,94
"St.",2013,163,6,2,159,44,0,0,7,2,106
"St.",2012,156,2,3,156,46,0,0,6,2,102
"St.",2011,135,0,4,139,34,0,0,5,2,98
"St.",2010,125,0,8,133,38,0,0,6,2,87
"Suffolk",2019,498,4,12,507,117,3,7,28,12,340
"Suffolk",2018,592,8,17,601,126,7,8,39,13,408
"Suffolk",2017,620,8,14,626,158,4,4,25,13,421
"Suffolk",2016,589,9,7,588,157,5,2,33,21,369
"Suffolk",2015,680,11,6,675,176,12,2,29,16,441
"Suffolk",2014,731,10,7,728,210,21,2,27,11,459
"Suffolk",2013,881,21,7,868,237,8,1,35,16,570
"Suffolk",2012,1070,102,7,975,245,7,4,38,17,664
"Suffolk",2011,1153,157,9,1005,235,7,3,41,32,688
"Suffolk",2010,1098,77,8,1029,239,7,2,45,23,713
"Suffolk",2019,586,0,2,587,160,7,0,28,7,385
"Suffolk",2018,698,0,3,701,193,6,0,34,9,458
"Suffolk",2017,676,0,1,677,187,7,0,38,9,437
"Suffolk",2016,649,0,1,649,172,5,0,48,3,421
"Suffolk",2015,671,0,1,672,180,7,0,40,4,441
"Suffolk",2014,681,0,1,682,173,8,0,37,11,454
"Suffolk",2013,662,0,0,662,192,8,0,37,6,419
"Suffolk",2012,592,0,0,592,188,6,0,37,0,360
"Suffolk",2011,597,0,0,597,184,4,0,38,0,371
"Suffolk",2010,606,0,0,606,185,4,0,39,0,378
"Sullivan",2019,150,6,0,144,33,0,0,16,1,94
"Sullivan",2018,140,5,0,136,28,0,0,20,1,86
"Sullivan",2017,137,2,0,135,34,0,0,21,2,78
"Sullivan",2016,138,1,0,137,32,0,0,21,2,82
"Sullivan",2015,151,6,0,146,28,0,0,13,2,103
"Sullivan",2014,163,6,0,157,31,0,0,12,3,111
"Sullivan",2013,191,21,0,170,34,0,0,12,2,122
"Sullivan",2012,156,1,0,154,36,0,0,10,3,106
"Sullivan",2011,161,3,0,158,40,0,0,10,2,106
"Sullivan",2010,171,9,0,162,37,0,0,10,2,114
"Tioga",2019,56,2,10,63,16,1,7,3,1,36
"Tioga",2018,61,1,5,65,19,1,0,2,1,41
"Tioga",2017,79,3,3,80,27,0,1,2,1,48
"Tioga",2016,77,1,2,78,30,1,8,2,1,36
"Tioga",2015,61,1,12,71,29,1,3,3,1,36
"Tioga",2014,73,1,7,79,27,1,12,3,1,36
"Tioga",2013,86,2,2,86,26,0,15,3,1,41
"Tioga",2012,80,1,6,85,29,1,19,4,1,31
"Tioga",2011,82,0,3,85,31,1,14,5,1,34
"Tioga",2010,79,1,6,84,34,1,18,4,1,26
"Tompkins",2019,61,1,2,62,24,0,0,6,1,30
"Tompkins",2018,72,3,0,69,21,0,0,7,1,40
"Tompkins",2017,76,2,0,74,22,0,0,6,1,45
"Tompkins",2016,80,3,0,76,22,0,0,5,2,47
"Tompkins",2015,92,10,0,82,25,0,0,4,2,51
"Tompkins",2014,87,6,0,81,32,0,0,3,2,43
"Tompkins",2013,91,8,0,83,30,0,0,4,2,46
"Tompkins",2012,90,7,0,83,28,0,0,4,2,48
"Tompkins",2011,86,4,0,82,33,0,0,3,2,44
"Tompkins",2010,82,3,0,79,34,0,0,3,2,41
"Ulster",2019,212,0,5,217,74,2,0,17,7,117
"Ulster",2018,247,0,33,280,90,0,0,19,7,164
"Ulster",2017,271,0,9,280,88,0,0,23,8,161
"Ulster",2016,252,0,9,261,78,0,0,24,8,151
"Ulster",2015,255,0,31,286,78,0,0,21,9,178
"Ulster",2014,303,0,59,362,96,0,0,20,9,236
"Ulster",2013,290,2,52,340,95,0,1,25,10,210
"Ulster",2012,324,1,27,350,99,0,2,22,11,216
"Ulster",2011,301,0,28,329,100,0,3,20,8,197
"Ulster",2010,301,0,31,332,102,0,9,16,6,199
"Warren",2019,105,1,0,104,35,0,5,10,2,52
"Warren",2018,140,0,0,141,41,0,2,8,2,87
"Warren",2017,117,0,1,118,29,1,3,9,2,73
"Warren",2016,124,0,1,125,27,1,9,14,3,71
"Warren",2015,130,0,1,130,33,1,11,7,3,75
"Warren",2014,128,1,3,130,30,1,11,6,3,79
"Warren",2013,128,0,2,130,29,1,8,11,3,79
"Warren",2012,133,0,15,148,41,3,0,10,3,90
"Warren",2011,139,1,14,152,42,2,0,10,3,95
"Warren",2010,129,0,26,154,36,3,0,6,2,107
"Washington",2019,70,0,2,72,26,2,0,11,2,32
"Washington",2018,81,0,0,81,27,1,5,9,2,37
"Washington",2017,87,0,2,89,30,2,1,10,2,44
"Washington",2016,76,0,0,77,22,2,3,7,3,40
"Washington",2015,92,0,0,92,25,1,4,7,2,52
"Washington",2014,105,0,1,106,25,1,6,7,2,64
"Washington",2013,121,1,3,123,30,1,9,13,3,66
"Washington",2012,94,0,15,109,22,2,5,8,2,70
"Washington",2011,85,0,10,95,30,2,4,8,3,49
"Washington",2010,103,0,16,119,29,3,7,9,2,68
"Wayne",2019,68,6,3,65,31,0,0,7,0,26
"Wayne",2018,93,7,11,97,43,0,0,10,0,44
"Wayne",2017,89,4,9,94,41,0,0,10,0,43
"Wayne",2016,98,7,9,100,44,0,4,9,0,41
"Wayne",2015,121,7,5,119,60,0,1,8,0,51
"Wayne",2014,115,8,7,114,53,0,0,5,0,55
"Wayne",2013,109,5,10,114,51,0,2,4,1,56
"Wayne",2012,108,8,14,115,41,0,10,5,3,56
"Wayne",2011,132,6,2,128,50,0,18,10,2,49
"Wayne",2010,129,5,7,132,48,0,16,7,2,58
"Westchester",2019,70,1,0,70,17,0,5,1,0,47
"Westchester",2018,79,0,0,79,18,0,5,2,0,54
"Westchester",2017,81,0,0,81,24,0,3,1,1,53
"Westchester",2016,82,0,1,83,24,0,5,1,1,52
"Westchester",2015,90,0,1,91,31,0,7,1,0,52
"Westchester",2014,93,1,0,93,31,0,5,2,0,54
"Westchester",2013,108,0,2,110,42,0,7,2,0,58
"Westchester",2012,117,0,2,119,45,0,11,1,1,62
"Westchester",2011,32,0,0,32,10,0,3,0,0,18
"Westchester",2010,2,0,0,2,1,0,0,0,0,1
"Westchester",2019,511,4,6,513,82,0,48,23,7,353
"Westchester",2018,633,3,7,637,95,0,70,32,7,432
"Westchester",2017,623,2,7,628,99,0,69,26,8,426
"Westchester",2016,634,3,9,640,122,0,67,37,6,409
"Westchester",2015,674,1,7,681,144,0,76,44,7,409
"Westchester",2014,737,2,9,744,162,0,86,42,8,445
"Westchester",2013,753,3,10,761,149,0,114,44,9,443
"Westchester",2012,770,3,11,778,155,0,144,38,8,434
"Westchester",2011,870,6,6,870,193,0,154,37,9,477
"Westchester",2010,801,5,4,801,136,0,176,32,8,449
"Westchester",2019,337,0,0,338,73,0,69,9,3,185
"Westchester",2018,316,0,0,316,87,0,35,10,3,183
"Westchester",2017,336,0,2,338,100,0,30,11,2,195
"Westchester",2016,315,0,2,316,104,0,22,11,2,177
"Westchester",2015,336,0,1,337,127,0,12,13,2,183
"Westchester",2014,375,0,0,375,162,0,1,8,1,203
"Westchester",2013,459,0,0,460,199,0,21,17,2,221
"Westchester",2012,567,0,0,567,220,0,46,21,4,275
"Westchester",2011,563,0,0,563,213,0,48,19,5,278
"Westchester",2010,581,0,0,581,211,0,0,26,4,340
"Wyoming",2019,42,1,9,50,14,0,0,2,1,33
"Wyoming",2018,56,0,5,61,17,0,0,6,1,37
"Wyoming",2017,47,0,8,55,15,0,0,5,1,34
"Wyoming",2016,49,0,3,51,18,0,0,5,1,27
"Wyoming",2015,52,0,1,53,19,0,0,3,1,30
"Wyoming",2014,65,0,3,68,27,0,0,2,1,38
"Wyoming",2013,57,0,5,62,22,0,0,3,1,36
"Wyoming",2012,63,2,3,64,22,0,0,3,1,38
"Wyoming",2011,66,4,4,67,27,0,0,3,1,37
"Wyoming",2010,56,0,4,59,19,0,0,2,1,37
"Yates",2019,43,0,2,44,13,0,9,2,1,19
"Yates",2018,42,0,4,45,11,0,9,4,2,20
"Yates",2017,42,0,3,44,7,0,11,4,1,20
"Yates",2016,46,0,0,46,10,0,6,4,2,24
"Yates",2015,52,1,0,51,11,0,6,3,1,29
"Yates",2014,47,1,0,47,11,0,8,2,1,23
"Yates",2013,49,0,0,49,10,0,9,3,1,25
"Yates",2012,49,0,0,49,11,0,9,3,1,24
"Yates",2011,53,0,0,53,15,0,10,2,1,25
"Yates",2010,48,1,0,48,13,0,11,3,1,20
