,County,Year,AidAmount,Population,JailPopulation,CrimesReported
0,Albany,2010,253982539.0,304086,698,20890.0
1,Albany,2011,227093331.0,304596,614,20290.0
2,Albany,2012,226720094.0,305723,622,18940.0
3,Albany,2013,235041459.0,306589,629,17908.0
4,Albany,2014,245903784.0,307151,621,17363.0
5,Albany,2015,258757415.0,307433,578,16247.0
6,Albany,2016,274285924.0,307597,571,16439.0
7,Albany,2017,285767231.0,307717,576,16411.0
8,Albany,2018,292562828.0,306585,587,15619.0
9,Albany,2019,312858464.0,305506,416,15033.0
10,Allegany,2010,104771381.0,48971,138,1593.0
11,Allegany,2011,100017858.0,48800,129,1726.0
12,Allegany,2012,102872523.0,48210,135,1653.0
13,Allegany,2013,105995346.0,47900,131,1538.0
14,Allegany,2014,110351813.0,47652,124,1162.0
15,Allegany,2015,113091461.0,47334,116,1101.0
16,Allegany,2016,118210523.0,47044,122,1061.0
17,Allegany,2017,120957280.0,46639,111,936.0
18,Allegany,2018,124940136.0,46332,107,839.0
19,Allegany,2019,126698492.0,46091,84,851.0
20,Broome,2010,267481772.0,200481,446,11915.0
21,Broome,2011,238693058.0,199363,459,12765.0
22,Broome,2012,245664464.0,198667,501,13190.0
23,Broome,2013,261462957.0,197914,517,12900.0
24,Broome,2014,269318096.0,197251,481,12140.0
25,Broome,2015,283418963.0,195928,492,12295.0
26,Broome,2016,297887673.0,194498,517,10208.0
27,Broome,2017,311484274.0,193100,500,10471.0
28,Broome,2018,319364120.0,191925,457,9666.0
29,Broome,2019,328386705.0,190488,441,9717.0
30,Cattaraugus,2010,172403680.0,80218,110,3857.0
31,Cattaraugus,2011,163137694.0,79815,127,3688.0
32,Cattaraugus,2012,166552121.0,79348,118,4025.0
33,Cattaraugus,2013,170649194.0,78996,120,3427.0
34,Cattaraugus,2014,176827906.0,78677,129,2761.0
35,Cattaraugus,2015,185782150.0,77926,128,2471.0
36,Cattaraugus,2016,192744933.0,77658,134,2384.0
37,Cattaraugus,2017,195401127.0,77176,131,2214.0
38,Cattaraugus,2018,200322481.0,76726,133,2060.0
39,Cattaraugus,2019,205268338.0,76117,135,1705.0
40,Cayuga,2010,104618979.0,79895,184,3372.0
41,Cayuga,2011,89877833.0,79693,192,3252.0
42,Cayuga,2012,90967335.0,79505,190,3475.0
43,Cayuga,2013,97192992.0,79088,191,2906.0
44,Cayuga,2014,101836595.0,78762,183,2974.0
45,Cayuga,2015,105052377.0,78298,163,2910.0
46,Cayuga,2016,109241420.0,77674,164,2672.0
47,Cayuga,2017,112251222.0,77457,156,2492.0
48,Cayuga,2018,114422728.0,77121,156,2279.0
49,Cayuga,2019,122291370.0,76576,145,2272.0
50,Chautauqua,2010,231981998.0,134725,281,7418.0
51,Chautauqua,2011,210968758.0,134209,272,7071.0
52,Chautauqua,2012,221197403.0,133304,287,7386.0
53,Chautauqua,2013,222285509.0,132852,279,7000.0
54,Chautauqua,2014,232875978.0,131751,283,6774.0
55,Chautauqua,2015,242170800.0,130529,268,6266.0
56,Chautauqua,2016,252860095.0,129206,275,6300.0
57,Chautauqua,2017,267583462.0,128372,282,5234.0
58,Chautauqua,2018,275154456.0,127472,260,4948.0
59,Chautauqua,2019,279449793.0,126903,236,5283.0
60,Chemung,2010,130097491.0,88895,181,3957.0
61,Chemung,2011,113248575.0,88899,163,4379.0
62,Chemung,2012,116014779.0,89137,189,4646.0
63,Chemung,2013,119667562.0,88199,187,4251.0
64,Chemung,2014,122403691.0,87177,160,4121.0
65,Chemung,2015,130929464.0,86705,167,3647.0
66,Chemung,2016,135762855.0,85644,150,3956.0
67,Chemung,2017,137280831.0,84736,164,2991.0
68,Chemung,2018,138386200.0,83935,155,2742.0
69,Chemung,2019,142318312.0,83456,132,3068.0
70,Chenango,2010,118183648.0,50399,90,1912.0
71,Chenango,2011,110326397.0,50182,98,2087.0
72,Chenango,2012,112469937.0,49883,84,1988.0
73,Chenango,2013,116634826.0,49477,104,1804.0
74,Chenango,2014,124153669.0,49319,99,1768.0
75,Chenango,2015,122427788.0,48772,95,1597.0
76,Chenango,2016,125187796.0,48315,99,1833.0
77,Chenango,2017,127932543.0,47805,98,1347.0
78,Chenango,2018,129906198.0,47445,93,1339.0
79,Chenango,2019,136181034.0,47207,87,1457.0
80,Clinton,2010,125310134.0,82096,204,3573.0
81,Clinton,2011,112518874.0,81728,207,3306.0
82,Clinton,2012,114220317.0,81714,209,3280.0
83,Clinton,2013,119811719.0,81523,221,3221.0
84,Clinton,2014,124759116.0,81463,216,2548.0
85,Clinton,2015,129988361.0,80718,187,2387.0
86,Clinton,2016,134683859.0,80500,208,2655.0
87,Clinton,2017,137602925.0,80531,207,2295.0
88,Clinton,2018,140185948.0,80679,217,2146.0
89,Clinton,2019,144591199.0,80485,176,2212.0
90,Columbia,2010,63848579.0,63036,97,2332.0
91,Columbia,2011,54422411.0,62528,90,2372.0
92,Columbia,2012,55772058.0,62449,90,2750.0
93,Columbia,2013,57167873.0,62170,75,2178.0
94,Columbia,2014,60426582.0,61942,72,1805.0
95,Columbia,2015,62155669.0,61434,68,1687.0
96,Columbia,2016,63946601.0,60835,83,1572.0
97,Columbia,2017,65894874.0,60338,81,1805.0
98,Columbia,2018,67351515.0,59785,70,1682.0
99,Columbia,2019,68131195.0,59461,68,1334.0
100,Cortland,2010,76218453.0,49279,69,2067.0
101,Cortland,2011,70411298.0,49380,64,2134.0
102,Cortland,2012,71650966.0,49023,68,2146.0
103,Cortland,2013,73685270.0,48905,73,2077.0
104,Cortland,2014,75002188.0,48740,76,2113.0
105,Cortland,2015,78054635.0,48290,89,1451.0
106,Cortland,2016,82355445.0,47915,91,1597.0
107,Cortland,2017,84581577.0,47815,93,1939.0
108,Cortland,2018,86693234.0,47722,92,1492.0
109,Cortland,2019,89430442.0,47581,76,1393.0
110,Delaware,2010,70737361.0,47888,66,1469.0
111,Delaware,2011,64544441.0,47584,59,1550.0
112,Delaware,2012,65094517.0,47215,64,1463.0
113,Delaware,2013,67902833.0,46803,71,1556.0
114,Delaware,2014,70750960.0,46562,83,1480.0
115,Delaware,2015,74214386.0,45891,75,1402.0
116,Delaware,2016,74903271.0,45393,80,1244.0
117,Delaware,2017,76010473.0,45028,81,981.0
118,Delaware,2018,79092653.0,44526,68,1091.0
119,Delaware,2019,80777621.0,44135,58,1016.0
120,Dutchess,2010,274927451.0,297728,380,11150.0
121,Dutchess,2011,236180334.0,298133,411,10729.0
122,Dutchess,2012,246807659.0,297023,446,11122.0
123,Dutchess,2013,256601794.0,296268,444,9658.0
124,Dutchess,2014,268157497.0,295127,469,9103.0
125,Dutchess,2015,278613778.0,294039,434,8478.0
126,Dutchess,2016,299578658.0,293029,401,7666.0
127,Dutchess,2017,311882124.0,293545,423,7617.0
128,Dutchess,2018,317413707.0,293939,379,6780.0
129,Dutchess,2019,325408637.0,294218,313,6530.0
130,Erie,2010,1222142728.0,919152,1335,60608.0
131,Erie,2011,1114374850.0,919843,1297,58621.0
132,Erie,2012,1159644700.0,919906,1326,58709.0
133,Erie,2013,1170576716.0,920869,1284,54501.0
134,Erie,2014,1219461485.0,921755,1171,52894.0
135,Erie,2015,1279609068.0,920644,1201,48394.0
136,Erie,2016,1338458770.0,918678,1183,47840.0
137,Erie,2017,1377329557.0,919034,1070,43275.0
138,Erie,2018,1419024468.0,919717,958,42269.0
139,Erie,2019,1461035704.0,918702,852,38514.0
140,Essex,2010,36289884.0,39360,71,1009.0
141,Essex,2011,32394437.0,39271,73,1187.0
142,Essex,2012,33771744.0,38875,66,991.0
143,Essex,2013,35172011.0,38601,79,855.0
144,Essex,2014,36983520.0,38323,81,638.0
145,Essex,2015,37899276.0,37965,62,718.0
146,Essex,2016,39284834.0,37671,70,736.0
147,Essex,2017,40556713.0,37487,72,777.0
148,Essex,2018,41086338.0,37288,73,534.0
149,Essex,2019,42328452.0,36885,71,610.0
150,Franklin,2010,91399758.0,51645,114,1829.0
151,Franklin,2011,87104720.0,51545,117,1885.0
152,Franklin,2012,91132421.0,51791,114,2027.0
153,Franklin,2013,95007373.0,51212,116,1691.0
154,Franklin,2014,99882148.0,51096,116,1647.0
155,Franklin,2015,100601900.0,50540,106,1594.0
156,Franklin,2016,104168078.0,51081,110,1304.0
157,Franklin,2017,108746552.0,50465,93,1276.0
158,Franklin,2018,110453129.0,50279,91,965.0
159,Franklin,2019,113255997.0,50022,81,936.0
160,Fulton,2010,93467894.0,55455,75,3255.0
161,Fulton,2011,88013169.0,55112,84,3149.0
162,Fulton,2012,88413834.0,54845,82,3066.0
163,Fulton,2013,91824913.0,54345,92,2992.0
164,Fulton,2014,89841567.0,53932,90,2867.0
165,Fulton,2015,92569407.0,53801,72,2495.0
166,Fulton,2016,96370155.0,53610,87,2214.0
167,Fulton,2017,98167093.0,53802,86,2058.0
168,Fulton,2018,104029978.0,53633,100,1743.0
169,Fulton,2019,112552722.0,53383,82,1897.0
170,Genesee,2010,100012989.0,59928,77,2817.0
171,Genesee,2011,90242786.0,59880,79,2766.0
172,Genesee,2012,92027369.0,59672,91,2814.0
173,Genesee,2013,95530963.0,59112,88,2825.0
174,Genesee,2014,96570444.0,58725,84,2924.0
175,Genesee,2015,100601453.0,58462,80,2283.0
176,Genesee,2016,105582589.0,58013,92,2399.0
177,Genesee,2017,108479866.0,57798,97,2118.0
178,Genesee,2018,107705706.0,57487,105,1760.0
179,Genesee,2019,109939548.0,57280,104,1893.0
180,Greene,2010,55131770.0,49139,78,1580.0
181,Greene,2011,47279468.0,48857,79,1557.0
182,Greene,2012,48401705.0,48587,70,1354.0
183,Greene,2013,51280206.0,48308,85,1378.0
184,Greene,2014,53561536.0,47964,71,1294.0
185,Greene,2015,55332682.0,47616,76,1095.0
186,Greene,2016,56978626.0,47494,59,1004.0
187,Greene,2017,58502149.0,47442,40,1131.0
188,Greene,2018,59216703.0,47381,48,1104.0
189,Greene,2019,61908497.0,47188,35,999.0
190,Hamilton,2010,3202623.0,4851,2,100.0
191,Hamilton,2011,2541529.0,4826,3,115.0
192,Hamilton,2012,2530597.0,4803,4,161.0
193,Hamilton,2013,2831412.0,4766,5,120.0
194,Hamilton,2014,3063635.0,4700,5,123.0
195,Hamilton,2015,3116754.0,4699,3,83.0
196,Hamilton,2016,3175817.0,4556,2,103.0
197,Hamilton,2017,3239344.0,4471,2,68.0
198,Hamilton,2018,3281836.0,4432,2,89.0
199,Hamilton,2019,3327578.0,4416,2,55.0
200,Herkimer,2010,138169327.0,64470,55,2579.0
201,Herkimer,2011,135228285.0,64386,57,2583.0
202,Herkimer,2012,138301614.0,64227,70,2494.0
203,Herkimer,2013,151259711.0,63883,83,2254.0
204,Herkimer,2014,120621172.0,63384,83,2136.0
205,Herkimer,2015,121196905.0,62652,76,1944.0
206,Herkimer,2016,125842687.0,62436,64,2091.0
207,Herkimer,2017,128134052.0,62163,70,2164.0
208,Herkimer,2018,134497152.0,61713,62,1514.0
209,Herkimer,2019,135899862.0,61319,52,1424.0
210,Jefferson,2010,180161490.0,116592,169,4648.0
211,Jefferson,2011,171737978.0,117752,171,4780.0
212,Jefferson,2012,176730572.0,120235,158,5621.0
213,Jefferson,2013,181781466.0,118490,180,4664.0
214,Jefferson,2014,191283047.0,117971,177,4890.0
215,Jefferson,2015,196282820.0,116371,173,4865.0
216,Jefferson,2016,202877163.0,112980,177,4477.0
217,Jefferson,2017,211305944.0,113157,185,4281.0
218,Jefferson,2018,218383999.0,111866,167,3767.0
219,Jefferson,2019,228441985.0,109834,129,3501.0
220,Lewis,2010,53571290.0,27077,27,899.0
221,Lewis,2011,53315573.0,27027,29,805.0
222,Lewis,2012,53807275.0,27196,28,821.0
223,Lewis,2013,54880355.0,27098,31,640.0
224,Lewis,2014,54361052.0,27089,30,487.0
225,Lewis,2015,55237015.0,26827,31,537.0
226,Lewis,2016,55004759.0,26647,34,442.0
227,Lewis,2017,57087936.0,26605,36,485.0
228,Lewis,2018,59174205.0,26486,31,382.0
229,Lewis,2019,61416397.0,26296,34,290.0
230,Livingston,2010,93911087.0,65240,100,2267.0
231,Livingston,2011,82006928.0,64849,95,2104.0
232,Livingston,2012,83726568.0,64796,104,2336.0
233,Livingston,2013,87170076.0,64627,116,2120.0
234,Livingston,2014,92086084.0,64585,124,1745.0
235,Livingston,2015,95483172.0,64344,132,1693.0
236,Livingston,2016,99791304.0,64000,139,1681.0
237,Livingston,2017,101898958.0,63483,128,1562.0
238,Livingston,2018,97418030.0,63213,132,1212.0
239,Livingston,2019,99092816.0,62914,122,1137.0
240,Madison,2010,103059902.0,73440,86,2537.0
241,Madison,2011,90208257.0,72887,89,2515.0
242,Madison,2012,91597813.0,72414,96,2615.0
243,Madison,2013,96120028.0,72457,89,2257.0
244,Madison,2014,100211649.0,72210,96,2207.0
245,Madison,2015,104294049.0,71636,95,1914.0
246,Madison,2016,107165942.0,71387,80,1934.0
247,Madison,2017,109479601.0,70942,82,1864.0
248,Madison,2018,113367643.0,71117,91,1769.0
249,Madison,2019,116278441.0,70941,90,1561.0
250,Monroe,2010,968888166.0,744580,1401,49549.0
251,Monroe,2011,885582059.0,746751,1350,48671.0
252,Monroe,2012,912837643.0,747344,1342,48148.0
253,Monroe,2013,956821411.0,748290,1312,43466.0
254,Monroe,2014,1007062035.0,747364,1339,40421.0
255,Monroe,2015,1064269238.0,745577,1308,38532.0
256,Monroe,2016,1146016671.0,743770,1318,35046.0
257,Monroe,2017,1180914622.0,742724,1206,35327.0
258,Monroe,2018,1215447086.0,742864,1085,31051.0
259,Monroe,2019,1271550453.0,741770,966,29862.0
260,Montgomery,2010,90226869.0,50307,115,2254.0
261,Montgomery,2011,83435835.0,49911,124,2109.0
262,Montgomery,2012,86912202.0,49829,131,2311.0
263,Montgomery,2013,96856043.0,49743,126,2202.0
264,Montgomery,2014,92586013.0,49679,127,2454.0
265,Montgomery,2015,94053108.0,49564,126,2431.0
266,Montgomery,2016,99826642.0,49169,90,1965.0
267,Montgomery,2017,103260012.0,49163,96,1800.0
268,Montgomery,2018,108932090.0,49394,100,1362.0
269,Montgomery,2019,114271532.0,49221,102,1295.0
270,Nassau,2010,884023326.0,1341669,1607,38296.0
271,Nassau,2011,781373688.0,1346223,1467,36522.0
272,Nassau,2012,820260512.0,1349616,1417,36692.0
273,Nassau,2013,861274612.0,1352193,1294,35255.0
274,Nassau,2014,908977971.0,1354705,1218,33317.0
275,Nassau,2015,969364513.0,1354840,1148,30732.0
276,Nassau,2016,1047778969.0,1355952,1155,28730.0
277,Nassau,2017,1098679904.0,1357293,1188,26380.0
278,Nassau,2018,1146711557.0,1357534,1094,25233.0
279,Nassau,2019,1199205388.0,1356924,1025,25093.0
280,Niagara,2010,298174183.0,216475,468,13583.0
281,Niagara,2011,261842622.0,215719,437,13654.0
282,Niagara,2012,265962288.0,214713,451,13089.0
283,Niagara,2013,273737634.0,214105,460,12512.0
284,Niagara,2014,287030334.0,213305,437,11652.0
285,Niagara,2015,302439717.0,212358,415,11063.0
286,Niagara,2016,317296520.0,211554,416,11440.0
287,Niagara,2017,329169577.0,210848,428,10411.0
288,Niagara,2018,338144140.0,210060,380,8229.0
289,Niagara,2019,349349059.0,209281,346,6990.0
290,Oneida,2010,341472921.0,234756,412,11889.0
291,Oneida,2011,311934308.0,234218,406,11327.0
292,Oneida,2012,330718213.0,233765,424,12183.0
293,Oneida,2013,341027408.0,233347,434,11443.0
294,Oneida,2014,354499751.0,232598,432,10972.0
295,Oneida,2015,386821272.0,231264,419,10327.0
296,Oneida,2016,400134995.0,230375,454,9804.0
297,Oneida,2017,421386092.0,230011,491,8868.0
298,Oneida,2018,428959078.0,229474,395,8653.0
299,Oneida,2019,445729770.0,228671,346,8471.0
300,Onondaga,2010,628054086.0,467533,1078,24402.0
301,Onondaga,2011,559013349.0,467614,1094,24068.0
302,Onondaga,2012,588258791.0,467030,1112,25538.0
303,Onondaga,2013,601921155.0,468146,1118,26483.0
304,Onondaga,2014,622670066.0,467285,1111,24421.0
305,Onondaga,2015,660711923.0,466277,1060,21648.0
306,Onondaga,2016,701163158.0,464109,1073,20817.0
307,Onondaga,2017,723897047.0,461795,1060,20357.0
308,Onondaga,2018,743877625.0,461649,938,18524.0
309,Onondaga,2019,784607178.0,460528,784,18311.0
310,Ontario,2010,140140934.0,108176,198,3862.0
311,Ontario,2011,122643127.0,108599,196,4056.0
312,Ontario,2012,125517664.0,108611,198,4200.0
313,Ontario,2013,129642927.0,109044,217,4070.0
314,Ontario,2014,137947222.0,109334,211,4234.0
315,Ontario,2015,145061799.0,109271,212,3526.0
316,Ontario,2016,150244046.0,109229,219,3568.0
317,Ontario,2017,153818359.0,109538,179,3111.0
318,Ontario,2018,154751297.0,109738,162,2794.0
319,Ontario,2019,158187444.0,109777,139,2776.0
320,Orange,2010,523311454.0,373445,606,17162.0
321,Orange,2011,461426193.0,374097,574,17000.0
322,Orange,2012,485404411.0,373699,590,17921.0
323,Orange,2013,497770427.0,374320,582,16312.0
324,Orange,2014,524579013.0,374845,599,14873.0
325,Orange,2015,559018786.0,375803,552,13570.0
326,Orange,2016,585316275.0,377799,663,13722.0
327,Orange,2017,606116988.0,379758,681,12639.0
328,Orange,2018,624249075.0,382126,695,11083.0
329,Orange,2019,656519106.0,384940,618,9657.0
330,Orleans,2010,78974934.0,42851,73,2047.0
331,Orleans,2011,72013410.0,42648,76,1925.0
332,Orleans,2012,74752616.0,42391,75,1779.0
333,Orleans,2013,79187230.0,42229,62,1435.0
334,Orleans,2014,80880244.0,41861,61,1316.0
335,Orleans,2015,82747630.0,41481,64,1277.0
336,Orleans,2016,89009441.0,41247,63,1420.0
337,Orleans,2017,88941074.0,40786,68,1441.0
338,Orleans,2018,90832149.0,40655,60,1135.0
339,Orleans,2019,94405499.0,40352,58,914.0
340,Oswego,2010,219255981.0,122137,137,6387.0
341,Oswego,2011,210673311.0,121981,166,6253.0
342,Oswego,2012,212735360.0,121458,187,6450.0
343,Oswego,2013,222691571.0,121170,165,5198.0
344,Oswego,2014,229567822.0,120590,156,4955.0
345,Oswego,2015,241800166.0,119735,171,4497.0
346,Oswego,2016,252509635.0,118895,168,4363.0
347,Oswego,2017,258467869.0,118427,152,3742.0
348,Oswego,2018,271589348.0,117515,169,3878.0
349,Oswego,2019,278197133.0,117124,135,3599.0
350,Otsego,2010,88257313.0,62259,69,2164.0
351,Otsego,2011,83100630.0,61971,70,2173.0
352,Otsego,2012,82665993.0,61747,77,1888.0
353,Otsego,2013,86145304.0,61614,71,1605.0
354,Otsego,2014,89117529.0,60950,68,1623.0
355,Otsego,2015,92481885.0,60504,54,1604.0
356,Otsego,2016,95492213.0,60132,70,1468.0
357,Otsego,2017,97084474.0,59920,57,1375.0
358,Otsego,2018,98653534.0,59810,65,1343.0
359,Otsego,2019,101896912.0,59493,54,1141.0
360,Putnam,2010,84616811.0,99667,102,1799.0
361,Putnam,2011,75243907.0,99827,114,1654.0
362,Putnam,2012,77194605.0,99625,101,1709.0
363,Putnam,2013,80967550.0,99572,109,1495.0
364,Putnam,2014,83223543.0,99438,104,1509.0
365,Putnam,2015,88083496.0,99185,87,1135.0
366,Putnam,2016,92160510.0,98761,83,1169.0
367,Putnam,2017,94910656.0,98856,84,1202.0
368,Putnam,2018,96823678.0,98814,75,950.0
369,Putnam,2019,95116559.0,98320,62,703.0
370,Rensselaer,2010,197823096.0,159340,217,9160.0
371,Rensselaer,2011,170274602.0,159589,265,8891.0
372,Rensselaer,2012,172648402.0,159437,309,8847.0
373,Rensselaer,2013,176209613.0,159545,299,7803.0
374,Rensselaer,2014,192404773.0,159666,317,8047.0
375,Rensselaer,2015,198494867.0,159436,314,7853.0
376,Rensselaer,2016,207124099.0,159294,309,6844.0
377,Rensselaer,2017,211875194.0,159200,298,6588.0
378,Rensselaer,2018,220633672.0,159283,321,5799.0
379,Rensselaer,2019,229011143.0,158714,303,6012.0
380,Rockland,2010,193062836.0,312499,212,9072.0
381,Rockland,2011,165147793.0,315452,247,8580.0
382,Rockland,2012,171327259.0,317196,240,8149.0
383,Rockland,2013,183979512.0,319284,227,7219.0
384,Rockland,2014,201019004.0,321119,183,7050.0
385,Rockland,2015,212038061.0,322919,171,7045.0
386,Rockland,2016,227782007.0,323258,169,6740.0
387,Rockland,2017,237492635.0,324622,177,6413.0
388,Rockland,2018,247167356.0,325522,150,6057.0
389,Rockland,2019,257094674.0,325789,134,5290.0
390,Saratoga,2010,211937520.0,220109,164,6321.0
391,Saratoga,2011,180038525.0,221111,150,6018.0
392,Saratoga,2012,184790038.0,222483,156,6329.0
393,Saratoga,2013,192890863.0,224087,187,6057.0
394,Saratoga,2014,201602677.0,224513,194,5765.0
395,Saratoga,2015,213700675.0,226078,194,5441.0
396,Saratoga,2016,226221956.0,227122,184,5428.0
397,Saratoga,2017,232058784.0,229276,184,5314.0
398,Saratoga,2018,230511702.0,230170,188,4990.0
399,Saratoga,2019,234080687.0,229863,181,4559.0
400,Schenectady,2010,177673642.0,154861,286,11294.0
401,Schenectady,2011,161714693.0,154864,319,10371.0
402,Schenectady,2012,164158568.0,155016,314,10493.0
403,Schenectady,2013,170360437.0,154944,326,10081.0
404,Schenectady,2014,176814415.0,155016,322,9586.0
405,Schenectady,2015,185724499.0,154733,329,8578.0
406,Schenectady,2016,199916154.0,154475,338,8673.0
407,Schenectady,2017,213953393.0,154710,292,8529.0
408,Schenectady,2018,219778646.0,155079,275,8514.0
409,Schenectady,2019,235566887.0,155299,228,7285.0
410,Schoharie,2010,54639002.0,32686,32,917.0
411,Schoharie,2011,47416383.0,32618,28,851.0
412,Schoharie,2012,52547985.0,32039,26,969.0
413,Schoharie,2013,50325469.0,31900,31,1045.0
414,Schoharie,2014,51968406.0,31767,29,749.0
415,Schoharie,2015,54554839.0,31405,30,766.0
416,Schoharie,2016,55435909.0,31304,34,732.0
417,Schoharie,2017,56738129.0,31255,29,591.0
418,Schoharie,2018,56462332.0,31146,19,613.0
419,Schoharie,2019,58418782.0,30999,18,424.0
420,Schuyler,2010,24264723.0,18334,21,385.0
421,Schuyler,2011,21804221.0,18413,21,326.0
422,Schuyler,2012,22197621.0,18498,22,349.0
423,Schuyler,2013,22318885.0,18382,25,316.0
424,Schuyler,2014,25154783.0,18176,18,320.0
425,Schuyler,2015,26016140.0,18027,15,284.0
426,Schuyler,2016,26701782.0,17967,28,223.0
427,Schuyler,2017,27699123.0,17913,21,125.0
428,Schuyler,2018,28639392.0,17884,17,105.0
429,Schuyler,2019,27640276.0,17807,15,122.0
430,Seneca,2010,54282724.0,35266,82,1268.0
431,Seneca,2011,50573219.0,35380,77,1299.0
432,Seneca,2012,50795016.0,35388,77,1647.0
433,Seneca,2013,53113414.0,35250,82,1526.0
434,Seneca,2014,55405100.0,34879,81,1385.0
435,Seneca,2015,57636253.0,34801,68,1398.0
436,Seneca,2016,60124081.0,34710,74,1219.0
437,Seneca,2017,61861352.0,34246,79,1069.0
438,Seneca,2018,62852534.0,34179,76,882.0
439,Seneca,2019,64682047.0,34016,60,833.0
440,Steuben,2010,188435793.0,99005,167,3510.0
441,Steuben,2011,177918703.0,99148,176,3236.0
442,Steuben,2012,183950725.0,98925,190,3518.0
443,Steuben,2013,194420084.0,98843,192,2959.0
444,Steuben,2014,205773925.0,98165,178,2967.0
445,Steuben,2015,208784393.0,97551,203,2981.0
446,Steuben,2016,215439894.0,96958,198,2864.0
447,Steuben,2017,222511916.0,96360,208,2365.0
448,Steuben,2018,230675675.0,95860,189,1925.0
449,Steuben,2019,231857607.0,95379,164,1670.0
450,Suffolk,2010,1754675296.0,1494339,1704,62899.0
451,Suffolk,2011,1554134358.0,1498892,1750,60595.0
452,Suffolk,2012,1612567920.0,1496982,1662,55643.0
453,Suffolk,2013,1677392741.0,1497346,1543,50824.0
454,Suffolk,2014,1749726531.0,1495525,1412,50477.0
455,Suffolk,2015,1837956756.0,1491967,1351,46982.0
456,Suffolk,2016,1956759714.0,1486406,1238,44288.0
457,Suffolk,2017,2009998347.0,1483358,1296,41175.0
458,Suffolk,2018,2058993817.0,1480830,1290,36386.0
459,Suffolk,2019,2117509708.0,1476601,1084,34900.0
460,Sullivan,2010,107391454.0,77476,171,3197.0
461,Sullivan,2011,95593632.0,77053,161,3679.0
462,Sullivan,2012,97049036.0,76931,156,3679.0
463,Sullivan,2013,100892940.0,76945,191,3268.0
464,Sullivan,2014,108160987.0,75634,163,3135.0
465,Sullivan,2015,113934072.0,74832,151,2491.0
466,Sullivan,2016,120668263.0,74922,138,2262.0
467,Sullivan,2017,126850427.0,74994,137,2343.0
468,Sullivan,2018,130660058.0,75399,140,2201.0
469,Sullivan,2019,135227437.0,75432,150,1845.0
470,Tioga,2010,88504291.0,51008,79,1164.0
471,Tioga,2011,82311274.0,50875,82,1148.0
472,Tioga,2012,84112493.0,50278,80,1299.0
473,Tioga,2013,87408999.0,50103,86,1273.0
474,Tioga,2014,90838127.0,49824,73,909.0
475,Tioga,2015,94949784.0,49355,61,866.0
476,Tioga,2016,98785689.0,48824,77,863.0
477,Tioga,2017,101824650.0,48609,79,858.0
478,Tioga,2018,104740429.0,48441,61,751.0
479,Tioga,2019,109594937.0,48203,56,734.0
480,Tompkins,2010,90055802.0,101740,82,4890.0
481,Tompkins,2011,81103344.0,101821,86,4691.0
482,Tompkins,2012,81958810.0,102726,90,5376.0
483,Tompkins,2013,85845741.0,103553,91,5695.0
484,Tompkins,2014,90064520.0,103391,87,5105.0
485,Tompkins,2015,96951699.0,103006,92,4445.0
486,Tompkins,2016,98394585.0,102942,80,3753.0
487,Tompkins,2017,100427906.0,102664,76,3787.0
488,Tompkins,2018,101304415.0,102419,72,3674.0
489,Tompkins,2019,105351359.0,102180,61,3579.0
490,Ulster,2010,188377475.0,182418,301,7272.0
491,Ulster,2011,165698915.0,182448,301,7209.0
492,Ulster,2012,166947977.0,181538,324,7607.0
493,Ulster,2013,173612497.0,180698,290,6870.0
494,Ulster,2014,180635507.0,180400,303,6231.0
495,Ulster,2015,191819693.0,179658,255,5718.0
496,Ulster,2016,204434618.0,179042,252,4991.0
497,Ulster,2017,216558568.0,178635,271,4855.0
498,Ulster,2018,223087844.0,178418,247,4241.0
499,Ulster,2019,227429685.0,177573,212,3759.0
500,Warren,2010,70308014.0,65665,129,2495.0
501,Warren,2011,58865390.0,65736,139,2881.0
502,Warren,2012,59718374.0,65417,133,2735.0
503,Warren,2013,62362951.0,65083,128,2541.0
504,Warren,2014,65439495.0,64866,128,2378.0
505,Warren,2015,69194472.0,64420,130,2072.0
506,Warren,2016,73985911.0,64438,124,2290.0
507,Warren,2017,76209314.0,64365,117,2051.0
508,Warren,2018,75976994.0,64215,140,1808.0
509,Warren,2019,78825514.0,63944,105,1370.0
510,Washington,2010,102679546.0,63356,103,1675.0
511,Washington,2011,92210017.0,63091,85,1636.0
512,Washington,2012,93902597.0,63003,94,1862.0
513,Washington,2013,99834793.0,62765,121,1693.0
514,Washington,2014,102760647.0,62475,105,1310.0
515,Washington,2015,107075227.0,62246,92,1137.0
516,Washington,2016,110184748.0,61795,76,1079.0
517,Washington,2017,114223328.0,61559,87,937.0
518,Washington,2018,114998410.0,61274,81,800.0
519,Washington,2019,117866719.0,61204,70,568.0
520,Wayne,2010,163062139.0,93751,129,3763.0
521,Wayne,2011,142468337.0,93256,132,3277.0
522,Wayne,2012,150496102.0,93029,108,3554.0
523,Wayne,2013,153366896.0,92339,109,3531.0
524,Wayne,2014,161298505.0,91801,115,3096.0
525,Wayne,2015,167815894.0,91291,121,3085.0
526,Wayne,2016,176639319.0,90758,98,3084.0
527,Wayne,2017,184311646.0,90429,89,2799.0
528,Wayne,2018,183887372.0,90200,93,2789.0
529,Wayne,2019,195723110.0,89918,68,2276.0
530,Westchester,2010,632164182.0,950601,1384,28327.0
531,Westchester,2011,549501040.0,956262,1465,30009.0
532,Westchester,2012,571663724.0,959585,1454,27632.0
533,Westchester,2013,602107480.0,964567,1320,26078.0
534,Westchester,2014,649260031.0,967044,1205,22063.0
535,Westchester,2015,706095269.0,968773,1100,22330.0
536,Westchester,2016,751469498.0,970267,1031,22970.0
537,Westchester,2017,778952209.0,969689,1040,21207.0
538,Westchester,2018,806155428.0,968213,1028,18009.0
539,Westchester,2019,858575911.0,967506,918,17649.0
540,Wyoming,2010,56613368.0,42126,56,919.0
541,Wyoming,2011,47787450.0,41849,66,1019.0
542,Wyoming,2012,48739847.0,41700,63,1053.0
543,Wyoming,2013,50251064.0,41359,57,979.0
544,Wyoming,2014,51783819.0,41134,65,724.0
545,Wyoming,2015,54612660.0,40930,52,786.0
546,Wyoming,2016,55013099.0,40432,49,606.0
547,Wyoming,2017,54966558.0,40282,47,621.0
548,Wyoming,2018,56117422.0,40023,56,603.0
549,Wyoming,2019,58550134.0,39859,42,468.0
550,Yates,2010,23827164.0,25376,48,930.0
551,Yates,2011,21576979.0,25454,53,807.0
552,Yates,2012,22790686.0,25337,49,836.0
553,Yates,2013,22975293.0,25207,49,812.0
554,Yates,2014,23671165.0,25149,47,624.0
555,Yates,2015,24922417.0,25128,52,573.0
556,Yates,2016,25572768.0,25059,46,623.0
557,Yates,2017,26203199.0,25002,42,492.0
558,Yates,2018,26480853.0,24951,42,473.0
559,Yates,2019,27494973.0,24913,43,351.0
